,trend,amo,pdo,enso,saod,aao,cos_ann,ao,solar,pna,nao,iod,qbo,sin_ann,Lambda
AIRSv7,0.141,0.063,0.051,-0.003,0.054,-0.046,-0.008,-0.004,0.034,0.003,-0.012,0.001,-0.009,-0.0,16.203
CLIMCAPS-AQUA,0.065,0.125,0.067,0.069,0.054,-0.04,-0.043,0.033,-0.033,0.021,-0.011,-0.017,0.006,-0.001,6.721
MERRA2,0.058,0.124,0.063,0.071,0.057,-0.041,-0.041,0.034,-0.028,0.017,-0.009,-0.014,0.006,-0.004,9.026
ERA5,0.2,0.112,0.071,0.069,0.035,-0.039,-0.043,0.041,-0.044,0.023,-0.022,-0.017,0.007,0.004,0.885
JRA55,0.173,0.102,0.071,0.075,0.036,-0.042,-0.041,0.037,-0.028,0.023,-0.025,-0.012,0.011,0.004,1.069
JRA3Q,0.184,0.107,0.077,0.071,0.036,-0.042,-0.041,0.04,-0.027,0.025,-0.026,-0.011,0.016,0.004,1.25
BEST,0.182,0.094,0.067,0.068,0.041,-0.049,-0.042,0.046,-0.028,0.03,-0.031,-0.015,0.005,0.006,0.841
GISTEMP,0.186,0.092,0.067,0.071,0.041,-0.041,-0.04,0.063,-0.03,0.033,-0.024,-0.012,0.005,0.007,0.774
AIRSv7 Skin,0.111,0.114,0.096,0.049,0.054,-0.06,-0.035,0.029,-0.005,0.024,-0.03,-0.02,0.007,0.002,1.205
